{"cameraMode":{"drawMode":0,"name":"Shaded","section":"Shading Mode"},"sceneLighting":false,"audioPlay":false,"sceneViewState":{"showFog":false,"showMaterialUpdate":false,"showSkybox":false,"showFlares":false,"showImageEffects":false,"showParticleSystems":false},"in2DMode":false,"pivot":{"x":186.96800231933595,"y":158.06500244140626,"z":0.00800000037997961},"rotation":{"x":-0.11900877952575684,"y":0.04258197918534279,"z":-0.00511479377746582,"w":-0.9920060038566589},"size":0.23210202157497407,"orthographic":false}