{"cameraMode":{"drawMode":0,"name":"Shaded","section":"Shading Mode"},"sceneLighting":false,"audioPlay":false,"sceneViewState":{"showFog":false,"showMaterialUpdate":false,"showSkybox":false,"showFlares":false,"showImageEffects":false,"showParticleSystems":false},"in2DMode":false,"pivot":{"x":63.91722106933594,"y":32.287925720214847,"z":110.32208251953125},"rotation":{"x":-0.10646077245473862,"y":-0.422285258769989,"z":0.05001972243189812,"w":-0.8988038301467896},"size":158.47299194335938,"orthographic":false}