{"cameraMode":{"drawMode":0,"name":"Shaded","section":"Shading Mode"},"sceneLighting":false,"audioPlay":false,"sceneViewState":{"showFog":true,"showMaterialUpdate":true,"showSkybox":false,"showFlares":true,"showImageEffects":true,"showParticleSystems":true},"in2DMode":false,"pivot":{"x":289.13092041015627,"y":317.4568786621094,"z":0.0},"rotation":{"x":-0.05980176478624344,"y":0.3830048143863678,"z":-0.024862345308065416,"w":-0.9214891791343689},"size":0.6421344876289368,"orthographic":false}