{"cameraMode":{"drawMode":0,"name":"Shaded","section":"Shading Mode"},"sceneLighting":false,"audioPlay":false,"sceneViewState":{"showFog":false,"showMaterialUpdate":false,"showSkybox":false,"showFlares":false,"showImageEffects":false,"showParticleSystems":false},"in2DMode":false,"pivot":{"x":276.28460693359377,"y":161.4200439453125,"z":0.0020000000949949028},"rotation":{"x":0.014191296882927418,"y":0.7187545895576477,"z":-0.014650611206889153,"w":0.69501131772995},"size":1.4744359254837037,"orthographic":false}