{"cameraMode":{"drawMode":0,"name":"Shaded","section":"Shading Mode"},"sceneLighting":true,"audioPlay":false,"sceneViewState":{"showFog":false,"showMaterialUpdate":false,"showSkybox":false,"showFlares":false,"showImageEffects":false,"showParticleSystems":false},"in2DMode":false,"pivot":{"x":13.315881729125977,"y":1.4599864482879639,"z":-4.937094688415527},"rotation":{"x":-0.1027214378118515,"y":0.007358561269938946,"z":-0.0006969121750444174,"w":-0.9947405457496643},"size":1.6506381034851075,"orthographic":false}