{"cameraMode":{"drawMode":0,"name":"Shaded","section":"Shading Mode"},"sceneLighting":true,"audioPlay":false,"sceneViewState":{"showFog":false,"showMaterialUpdate":false,"showSkybox":false,"showFlares":false,"showImageEffects":false,"showParticleSystems":false},"in2DMode":false,"pivot":{"x":15.021381378173829,"y":1.0549061298370362,"z":-6.777071475982666},"rotation":{"x":-0.18069186806678773,"y":0.4938478469848633,"z":-0.1057293638586998,"w":-0.8440433144569397},"size":0.6247450113296509,"orthographic":false}