{"cameraMode":{"drawMode":0,"name":"Shaded","section":"Shading Mode"},"sceneLighting":false,"audioPlay":false,"sceneViewState":{"showFog":false,"showMaterialUpdate":false,"showSkybox":false,"showFlares":false,"showImageEffects":false,"showParticleSystems":false},"in2DMode":false,"pivot":{"x":122.22576904296875,"y":-7.499900817871094,"z":-5.900000095367432},"rotation":{"x":0.005185512360185385,"y":0.9914647936820984,"z":-0.12347334623336792,"w":0.041648149490356448},"size":135.94415283203126,"orthographic":false}