{"cameraMode":{"drawMode":0,"name":"Shaded","section":"Shading Mode"},"sceneLighting":false,"audioPlay":false,"sceneViewState":{"showFog":false,"showMaterialUpdate":false,"showSkybox":false,"showFlares":false,"showImageEffects":false,"showParticleSystems":false},"in2DMode":false,"pivot":{"x":187.1361083984375,"y":156.96978759765626,"z":0.0039997100830078129},"rotation":{"x":-0.11900877952575684,"y":0.04258197918534279,"z":-0.00511479377746582,"w":-0.9920060038566589},"size":0.1446351855993271,"orthographic":false}