{"cameraMode":{"drawMode":0,"name":"Shaded","section":"Shading Mode"},"sceneLighting":false,"audioPlay":false,"sceneViewState":{"showFog":false,"showMaterialUpdate":false,"showSkybox":false,"showFlares":false,"showImageEffects":false,"showParticleSystems":false},"in2DMode":false,"pivot":{"x":293.4808044433594,"y":316.7904052734375,"z":-1.654099702835083},"rotation":{"x":-0.006002329755574465,"y":0.9903625845909119,"z":-0.13088573515415193,"w":-0.04548218846321106},"size":5.20109748840332,"orthographic":false}