{"cameraMode":{"drawMode":0,"name":"Shaded","section":"Shading Mode"},"sceneLighting":false,"audioPlay":false,"sceneViewState":{"showFog":true,"showMaterialUpdate":true,"showSkybox":false,"showFlares":true,"showImageEffects":true,"showParticleSystems":true},"in2DMode":false,"pivot":{"x":231.13677978515626,"y":285.99224853515627,"z":0.0},"rotation":{"x":-0.012308679521083832,"y":-0.000588775787036866,"z":-0.00000677177240504534,"w":-0.9999504685401917},"size":0.7574175000190735,"orthographic":false}