{"cameraMode":{"drawMode":0,"name":"Shaded","section":"Shading Mode"},"sceneLighting":false,"audioPlay":false,"sceneViewState":{"showFog":false,"showMaterialUpdate":false,"showSkybox":false,"showFlares":false,"showImageEffects":false,"showParticleSystems":false},"in2DMode":false,"pivot":{"x":4.495674133300781,"y":49.538917541503909,"z":30.690162658691408},"rotation":{"x":0.04501230642199516,"y":0.7235755920410156,"z":-0.04738004133105278,"w":0.6871836185455322},"size":66.82316589355469,"orthographic":false}