{"cameraMode":{"drawMode":0,"name":"Shaded","section":"Shading Mode"},"sceneLighting":false,"audioPlay":false,"sceneViewState":{"showFog":false,"showMaterialUpdate":false,"showSkybox":false,"showFlares":false,"showImageEffects":false,"showParticleSystems":false},"in2DMode":false,"pivot":{"x":122.22576904296875,"y":0.0,"z":-8.850000381469727},"rotation":{"x":-0.02036682702600956,"y":-0.05456423759460449,"z":0.0011063345009461046,"w":-0.9983408451080322},"size":164.04946899414063,"orthographic":false}