{"cameraMode":{"drawMode":0,"name":"Shaded","section":"Shading Mode"},"sceneLighting":false,"audioPlay":false,"sceneViewState":{"showFog":false,"showMaterialUpdate":false,"showSkybox":false,"showFlares":false,"showImageEffects":false,"showParticleSystems":false},"in2DMode":false,"pivot":{"x":63.789608001708987,"y":16.823951721191408,"z":57.82337951660156},"rotation":{"x":-0.10865914821624756,"y":0.02115057222545147,"z":-0.0023114511277526619,"w":-0.9938557744026184},"size":158.47299194335938,"orthographic":false}